QuestionID,YearEnd,Age(years),Data_Value,Question
Q018,2017,18 - 24,40.638888888888886,Percent of adults who report consuming fruit less than one time daily
Q018,2017,25 - 34,37.672222222222224,Percent of adults who report consuming fruit less than one time daily
Q018,2017,35 - 44,36.71666666666667,Percent of adults who report consuming fruit less than one time daily
Q018,2017,45 - 54,39.318518518518516,Percent of adults who report consuming fruit less than one time daily
Q018,2017,55 - 64,37.6037037037037,Percent of adults who report consuming fruit less than one time daily
Q018,2017,65 or older,32.32222222222222,Percent of adults who report consuming fruit less than one time daily
Q018,2019,18 - 24,44.64528301886792,Percent of adults who report consuming fruit less than one time daily
Q018,2019,25 - 34,43.2188679245283,Percent of adults who report consuming fruit less than one time daily
Q018,2019,35 - 44,40.31320754716981,Percent of adults who report consuming fruit less than one time daily
Q018,2019,45 - 54,42.48301886792453,Percent of adults who report consuming fruit less than one time daily
Q018,2019,55 - 64,40.4566037735849,Percent of adults who report consuming fruit less than one time daily
Q018,2019,65 or older,33.60188679245283,Percent of adults who report consuming fruit less than one time daily
Q018,2021,18 - 24,46.403703703703705,Percent of adults who report consuming fruit less than one time daily
Q018,2021,25 - 34,43.95925925925926,Percent of adults who report consuming fruit less than one time daily
Q018,2021,35 - 44,40.12407407407407,Percent of adults who report consuming fruit less than one time daily
Q018,2021,45 - 54,42.507407407407406,Percent of adults who report consuming fruit less than one time daily
Q018,2021,55 - 64,40.951851851851856,Percent of adults who report consuming fruit less than one time daily
Q018,2021,65 or older,35.077777777777776,Percent of adults who report consuming fruit less than one time daily
Q019,2017,18 - 24,24.62037037037037,Percent of adults who report consuming vegetables less than one time daily
Q019,2017,25 - 34,18.766666666666666,Percent of adults who report consuming vegetables less than one time daily
Q019,2017,35 - 44,17.42962962962963,Percent of adults who report consuming vegetables less than one time daily
Q019,2017,45 - 54,17.896296296296295,Percent of adults who report consuming vegetables less than one time daily
Q019,2017,55 - 64,17.946296296296296,Percent of adults who report consuming vegetables less than one time daily
Q019,2017,65 or older,17.462962962962962,Percent of adults who report consuming vegetables less than one time daily
Q019,2019,18 - 24,26.88867924528302,Percent of adults who report consuming vegetables less than one time daily
Q019,2019,25 - 34,21.19811320754717,Percent of adults who report consuming vegetables less than one time daily
Q019,2019,35 - 44,18.441509433962263,Percent of adults who report consuming vegetables less than one time daily
Q019,2019,45 - 54,20.060377358490566,Percent of adults who report consuming vegetables less than one time daily
Q019,2019,55 - 64,20.069811320754717,Percent of adults who report consuming vegetables less than one time daily
Q019,2019,65 or older,19.275471698113208,Percent of adults who report consuming vegetables less than one time daily
Q019,2021,18 - 24,28.24814814814815,Percent of adults who report consuming vegetables less than one time daily
Q019,2021,25 - 34,21.23148148148148,Percent of adults who report consuming vegetables less than one time daily
Q019,2021,35 - 44,17.796296296296298,Percent of adults who report consuming vegetables less than one time daily
Q019,2021,45 - 54,19.49074074074074,Percent of adults who report consuming vegetables less than one time daily
Q019,2021,55 - 64,20.0962962962963,Percent of adults who report consuming vegetables less than one time daily
Q019,2021,65 or older,20.085185185185182,Percent of adults who report consuming vegetables less than one time daily
Q036,2011,18 - 24,15.430769230769231,Percent of adults aged 18 years and older who have obesity
Q036,2011,25 - 34,26.165384615384614,Percent of adults aged 18 years and older who have obesity
Q036,2011,35 - 44,30.721153846153847,Percent of adults aged 18 years and older who have obesity
Q036,2011,45 - 54,32.54807692307692,Percent of adults aged 18 years and older who have obesity
Q036,2011,55 - 64,32.89423076923077,Percent of adults aged 18 years and older who have obesity
Q036,2011,65 or older,25.1,Percent of adults aged 18 years and older who have obesity
Q036,2012,18 - 24,15.811538461538463,Percent of adults aged 18 years and older who have obesity
Q036,2012,25 - 34,26.17115384615385,Percent of adults aged 18 years and older who have obesity
Q036,2012,35 - 44,31.6,Percent of adults aged 18 years and older who have obesity
Q036,2012,45 - 54,32.60961538461539,Percent of adults aged 18 years and older who have obesity
Q036,2012,55 - 64,33.38076923076923,Percent of adults aged 18 years and older who have obesity
Q036,2012,65 or older,25.826923076923077,Percent of adults aged 18 years and older who have obesity
Q036,2013,18 - 24,15.760377358490565,Percent of adults aged 18 years and older who have obesity
Q036,2013,25 - 34,27.141509433962263,Percent of adults aged 18 years and older who have obesity
Q036,2013,35 - 44,32.362264150943396,Percent of adults aged 18 years and older who have obesity
Q036,2013,45 - 54,33.824528301886794,Percent of adults aged 18 years and older who have obesity
Q036,2013,55 - 64,33.39811320754717,Percent of adults aged 18 years and older who have obesity
Q036,2013,65 or older,26.547169811320753,Percent of adults aged 18 years and older who have obesity
Q036,2014,18 - 24,16.359259259259257,Percent of adults aged 18 years and older who have obesity
Q036,2014,25 - 34,28.02962962962963,Percent of adults aged 18 years and older who have obesity
Q036,2014,35 - 44,33.06481481481482,Percent of adults aged 18 years and older who have obesity
Q036,2014,45 - 54,33.922222222222224,Percent of adults aged 18 years and older who have obesity
Q036,2014,55 - 64,33.8537037037037,Percent of adults aged 18 years and older who have obesity
Q036,2014,65 or older,27.298148148148147,Percent of adults aged 18 years and older who have obesity
Q036,2015,18 - 24,17.45740740740741,Percent of adults aged 18 years and older who have obesity
Q036,2015,25 - 34,27.37777777777778,Percent of adults aged 18 years and older who have obesity
Q036,2015,35 - 44,32.916666666666664,Percent of adults aged 18 years and older who have obesity
Q036,2015,45 - 54,34.531481481481485,Percent of adults aged 18 years and older who have obesity
Q036,2015,55 - 64,33.75185185185185,Percent of adults aged 18 years and older who have obesity
Q036,2015,65 or older,27.76851851851852,Percent of adults aged 18 years and older who have obesity
Q036,2016,18 - 24,17.485454545454548,Percent of adults aged 18 years and older who have obesity
Q036,2016,25 - 34,27.992727272727272,Percent of adults aged 18 years and older who have obesity
Q036,2016,35 - 44,33.86545454545455,Percent of adults aged 18 years and older who have obesity
Q036,2016,45 - 54,35.52181818181818,Percent of adults aged 18 years and older who have obesity
Q036,2016,55 - 64,34.04181818181818,Percent of adults aged 18 years and older who have obesity
Q036,2016,65 or older,27.869090909090907,Percent of adults aged 18 years and older who have obesity
Q036,2017,18 - 24,17.392592592592592,Percent of adults aged 18 years and older who have obesity
Q036,2017,25 - 34,29.55925925925926,Percent of adults aged 18 years and older who have obesity
Q036,2017,35 - 44,34.038888888888884,Percent of adults aged 18 years and older who have obesity
Q036,2017,45 - 54,36.64074074074074,Percent of adults aged 18 years and older who have obesity
Q036,2017,55 - 64,35.422222222222224,Percent of adults aged 18 years and older who have obesity
Q036,2017,65 or older,28.694444444444443,Percent of adults aged 18 years and older who have obesity
Q036,2018,18 - 24,18.594444444444445,Percent of adults aged 18 years and older who have obesity
Q036,2018,25 - 34,30.35,Percent of adults aged 18 years and older who have obesity
Q036,2018,35 - 44,35.077777777777776,Percent of adults aged 18 years and older who have obesity
Q036,2018,45 - 54,37.701851851851856,Percent of adults aged 18 years and older who have obesity
Q036,2018,55 - 64,35.327777777777776,Percent of adults aged 18 years and older who have obesity
Q036,2018,65 or older,28.70925925925926,Percent of adults aged 18 years and older who have obesity
Q036,2019,18 - 24,19.928301886792454,Percent of adults aged 18 years and older who have obesity
Q036,2019,25 - 34,30.635849056603774,Percent of adults aged 18 years and older who have obesity
Q036,2019,35 - 44,35.41509433962264,Percent of adults aged 18 years and older who have obesity
Q036,2019,45 - 54,38.130188679245286,Percent of adults aged 18 years and older who have obesity
Q036,2019,55 - 64,36.633962264150945,Percent of adults aged 18 years and older who have obesity
Q036,2019,65 or older,29.733962264150946,Percent of adults aged 18 years and older who have obesity
Q036,2020,18 - 24,19.675925925925927,Percent of adults aged 18 years and older who have obesity
Q036,2020,25 - 34,31.10925925925926,Percent of adults aged 18 years and older who have obesity
Q036,2020,35 - 44,36.16851851851852,Percent of adults aged 18 years and older who have obesity
Q036,2020,45 - 54,38.5,Percent of adults aged 18 years and older who have obesity
Q036,2020,55 - 64,36.162962962962965,Percent of adults aged 18 years and older who have obesity
Q036,2020,65 or older,29.51111111111111,Percent of adults aged 18 years and older who have obesity
Q036,2021,18 - 24,21.22037037037037,Percent of adults aged 18 years and older who have obesity
Q036,2021,25 - 34,33.0,Percent of adults aged 18 years and older who have obesity
Q036,2021,35 - 44,37.483333333333334,Percent of adults aged 18 years and older who have obesity
Q036,2021,45 - 54,40.87592592592593,Percent of adults aged 18 years and older who have obesity
Q036,2021,55 - 64,38.16481481481482,Percent of adults aged 18 years and older who have obesity
Q036,2021,65 or older,29.42037037037037,Percent of adults aged 18 years and older who have obesity
Q037,2011,18 - 24,25.525,Percent of adults aged 18 years and older who have an overweight classification
Q037,2011,25 - 34,33.66346153846154,Percent of adults aged 18 years and older who have an overweight classification
Q037,2011,35 - 44,36.37307692307692,Percent of adults aged 18 years and older who have an overweight classification
Q037,2011,45 - 54,37.00769230769231,Percent of adults aged 18 years and older who have an overweight classification
Q037,2011,55 - 64,38.41538461538461,Percent of adults aged 18 years and older who have an overweight classification
Q037,2011,65 or older,39.62884615384615,Percent of adults aged 18 years and older who have an overweight classification
Q037,2012,18 - 24,25.442307692307693,Percent of adults aged 18 years and older who have an overweight classification
Q037,2012,25 - 34,33.832692307692305,Percent of adults aged 18 years and older who have an overweight classification
Q037,2012,35 - 44,36.69615384615385,Percent of adults aged 18 years and older who have an overweight classification
Q037,2012,45 - 54,37.48461538461539,Percent of adults aged 18 years and older who have an overweight classification
Q037,2012,55 - 64,38.12692307692308,Percent of adults aged 18 years and older who have an overweight classification
Q037,2012,65 or older,39.83461538461539,Percent of adults aged 18 years and older who have an overweight classification
Q037,2013,18 - 24,26.07547169811321,Percent of adults aged 18 years and older who have an overweight classification
Q037,2013,25 - 34,33.4622641509434,Percent of adults aged 18 years and older who have an overweight classification
Q037,2013,35 - 44,36.158490566037734,Percent of adults aged 18 years and older who have an overweight classification
Q037,2013,45 - 54,37.033962264150944,Percent of adults aged 18 years and older who have an overweight classification
Q037,2013,55 - 64,38.075471698113205,Percent of adults aged 18 years and older who have an overweight classification
Q037,2013,65 or older,39.5433962264151,Percent of adults aged 18 years and older who have an overweight classification
Q037,2014,18 - 24,25.49074074074074,Percent of adults aged 18 years and older who have an overweight classification
Q037,2014,25 - 34,32.93333333333334,Percent of adults aged 18 years and older who have an overweight classification
Q037,2014,35 - 44,35.77407407407407,Percent of adults aged 18 years and older who have an overweight classification
Q037,2014,45 - 54,37.05555555555556,Percent of adults aged 18 years and older who have an overweight classification
Q037,2014,55 - 64,37.9425925925926,Percent of adults aged 18 years and older who have an overweight classification
Q037,2014,65 or older,39.720370370370375,Percent of adults aged 18 years and older who have an overweight classification
Q037,2015,18 - 24,25.28518518518519,Percent of adults aged 18 years and older who have an overweight classification
Q037,2015,25 - 34,33.81296296296296,Percent of adults aged 18 years and older who have an overweight classification
Q037,2015,35 - 44,36.27777777777778,Percent of adults aged 18 years and older who have an overweight classification
Q037,2015,45 - 54,37.379629629629626,Percent of adults aged 18 years and older who have an overweight classification
Q037,2015,55 - 64,38.26111111111111,Percent of adults aged 18 years and older who have an overweight classification
Q037,2015,65 or older,39.05925925925926,Percent of adults aged 18 years and older who have an overweight classification
Q037,2016,18 - 24,25.930909090909093,Percent of adults aged 18 years and older who have an overweight classification
Q037,2016,25 - 34,33.64727272727273,Percent of adults aged 18 years and older who have an overweight classification
Q037,2016,35 - 44,35.24181818181818,Percent of adults aged 18 years and older who have an overweight classification
Q037,2016,45 - 54,37.04363636363637,Percent of adults aged 18 years and older who have an overweight classification
Q037,2016,55 - 64,37.554545454545455,Percent of adults aged 18 years and older who have an overweight classification
Q037,2016,65 or older,39.167272727272724,Percent of adults aged 18 years and older who have an overweight classification
Q037,2017,18 - 24,26.857407407407408,Percent of adults aged 18 years and older who have an overweight classification
Q037,2017,25 - 34,32.987037037037034,Percent of adults aged 18 years and older who have an overweight classification
Q037,2017,35 - 44,35.461111111111116,Percent of adults aged 18 years and older who have an overweight classification
Q037,2017,45 - 54,36.57037037037037,Percent of adults aged 18 years and older who have an overweight classification
Q037,2017,55 - 64,37.18333333333334,Percent of adults aged 18 years and older who have an overweight classification
Q037,2017,65 or older,38.7537037037037,Percent of adults aged 18 years and older who have an overweight classification
Q037,2018,18 - 24,25.76851851851852,Percent of adults aged 18 years and older who have an overweight classification
Q037,2018,25 - 34,32.638888888888886,Percent of adults aged 18 years and older who have an overweight classification
Q037,2018,35 - 44,35.233333333333334,Percent of adults aged 18 years and older who have an overweight classification
Q037,2018,45 - 54,35.701851851851856,Percent of adults aged 18 years and older who have an overweight classification
Q037,2018,55 - 64,37.270370370370365,Percent of adults aged 18 years and older who have an overweight classification
Q037,2018,65 or older,38.803703703703704,Percent of adults aged 18 years and older who have an overweight classification
Q037,2019,18 - 24,26.354716981132075,Percent of adults aged 18 years and older who have an overweight classification
Q037,2019,25 - 34,32.654716981132076,Percent of adults aged 18 years and older who have an overweight classification
Q037,2019,35 - 44,35.35849056603774,Percent of adults aged 18 years and older who have an overweight classification
Q037,2019,45 - 54,36.29622641509434,Percent of adults aged 18 years and older who have an overweight classification
Q037,2019,55 - 64,36.83584905660377,Percent of adults aged 18 years and older who have an overweight classification
Q037,2019,65 or older,38.050943396226415,Percent of adults aged 18 years and older who have an overweight classification
Q037,2020,18 - 24,26.33703703703704,Percent of adults aged 18 years and older who have an overweight classification
Q037,2020,25 - 34,33.05740740740741,Percent of adults aged 18 years and older who have an overweight classification
Q037,2020,35 - 44,34.79259259259259,Percent of adults aged 18 years and older who have an overweight classification
Q037,2020,45 - 54,35.977777777777774,Percent of adults aged 18 years and older who have an overweight classification
Q037,2020,55 - 64,36.720370370370375,Percent of adults aged 18 years and older who have an overweight classification
Q037,2020,65 or older,38.32037037037038,Percent of adults aged 18 years and older who have an overweight classification
Q037,2021,18 - 24,25.05925925925926,Percent of adults aged 18 years and older who have an overweight classification
Q037,2021,25 - 34,31.88888888888889,Percent of adults aged 18 years and older who have an overweight classification
Q037,2021,35 - 44,34.48148148148148,Percent of adults aged 18 years and older who have an overweight classification
Q037,2021,45 - 54,35.077777777777776,Percent of adults aged 18 years and older who have an overweight classification
Q037,2021,55 - 64,36.49074074074074,Percent of adults aged 18 years and older who have an overweight classification
Q037,2021,65 or older,38.29074074074074,Percent of adults aged 18 years and older who have an overweight classification
Q043,2011,18 - 24,56.58846153846154,Percent of adults who achieve at least 150 minutes a week of moderate-intensity aerobic physical activity or 75 minutes a week of vigorous-intensity aerobic activity (or an equivalent combination)
Q043,2011,25 - 34,50.26153846153846,Percent of adults who achieve at least 150 minutes a week of moderate-intensity aerobic physical activity or 75 minutes a week of vigorous-intensity aerobic activity (or an equivalent combination)
Q043,2011,35 - 44,49.775000000000006,Percent of adults who achieve at least 150 minutes a week of moderate-intensity aerobic physical activity or 75 minutes a week of vigorous-intensity aerobic activity (or an equivalent combination)
Q043,2011,45 - 54,50.49230769230769,Percent of adults who achieve at least 150 minutes a week of moderate-intensity aerobic physical activity or 75 minutes a week of vigorous-intensity aerobic activity (or an equivalent combination)
Q043,2011,55 - 64,50.13653846153846,Percent of adults who achieve at least 150 minutes a week of moderate-intensity aerobic physical activity or 75 minutes a week of vigorous-intensity aerobic activity (or an equivalent combination)
Q043,2011,65 or older,51.676923076923075,Percent of adults who achieve at least 150 minutes a week of moderate-intensity aerobic physical activity or 75 minutes a week of vigorous-intensity aerobic activity (or an equivalent combination)
Q043,2013,18 - 24,53.76538461538462,Percent of adults who achieve at least 150 minutes a week of moderate-intensity aerobic physical activity or 75 minutes a week of vigorous-intensity aerobic activity (or an equivalent combination)
Q043,2013,25 - 34,50.32884615384615,Percent of adults who achieve at least 150 minutes a week of moderate-intensity aerobic physical activity or 75 minutes a week of vigorous-intensity aerobic activity (or an equivalent combination)
Q043,2013,35 - 44,49.25192307692308,Percent of adults who achieve at least 150 minutes a week of moderate-intensity aerobic physical activity or 75 minutes a week of vigorous-intensity aerobic activity (or an equivalent combination)
Q043,2013,45 - 54,49.70192307692308,Percent of adults who achieve at least 150 minutes a week of moderate-intensity aerobic physical activity or 75 minutes a week of vigorous-intensity aerobic activity (or an equivalent combination)
Q043,2013,55 - 64,50.03076923076923,Percent of adults who achieve at least 150 minutes a week of moderate-intensity aerobic physical activity or 75 minutes a week of vigorous-intensity aerobic activity (or an equivalent combination)
Q043,2013,65 or older,52.482692307692304,Percent of adults who achieve at least 150 minutes a week of moderate-intensity aerobic physical activity or 75 minutes a week of vigorous-intensity aerobic activity (or an equivalent combination)
Q043,2015,18 - 24,54.26111111111111,Percent of adults who achieve at least 150 minutes a week of moderate-intensity aerobic physical activity or 75 minutes a week of vigorous-intensity aerobic activity (or an equivalent combination)
Q043,2015,25 - 34,50.461111111111116,Percent of adults who achieve at least 150 minutes a week of moderate-intensity aerobic physical activity or 75 minutes a week of vigorous-intensity aerobic activity (or an equivalent combination)
Q043,2015,35 - 44,49.14259259259259,Percent of adults who achieve at least 150 minutes a week of moderate-intensity aerobic physical activity or 75 minutes a week of vigorous-intensity aerobic activity (or an equivalent combination)
Q043,2015,45 - 54,49.83148148148148,Percent of adults who achieve at least 150 minutes a week of moderate-intensity aerobic physical activity or 75 minutes a week of vigorous-intensity aerobic activity (or an equivalent combination)
Q043,2015,55 - 64,50.85,Percent of adults who achieve at least 150 minutes a week of moderate-intensity aerobic physical activity or 75 minutes a week of vigorous-intensity aerobic activity (or an equivalent combination)
Q043,2015,65 or older,53.088888888888896,Percent of adults who achieve at least 150 minutes a week of moderate-intensity aerobic physical activity or 75 minutes a week of vigorous-intensity aerobic activity (or an equivalent combination)
Q043,2017,18 - 24,52.43703703703704,Percent of adults who achieve at least 150 minutes a week of moderate-intensity aerobic physical activity or 75 minutes a week of vigorous-intensity aerobic activity (or an equivalent combination)
Q043,2017,25 - 34,48.544444444444444,Percent of adults who achieve at least 150 minutes a week of moderate-intensity aerobic physical activity or 75 minutes a week of vigorous-intensity aerobic activity (or an equivalent combination)
Q043,2017,35 - 44,48.153703703703705,Percent of adults who achieve at least 150 minutes a week of moderate-intensity aerobic physical activity or 75 minutes a week of vigorous-intensity aerobic activity (or an equivalent combination)
Q043,2017,45 - 54,47.96851851851852,Percent of adults who achieve at least 150 minutes a week of moderate-intensity aerobic physical activity or 75 minutes a week of vigorous-intensity aerobic activity (or an equivalent combination)
Q043,2017,55 - 64,49.681481481481484,Percent of adults who achieve at least 150 minutes a week of moderate-intensity aerobic physical activity or 75 minutes a week of vigorous-intensity aerobic activity (or an equivalent combination)
Q043,2017,65 or older,52.211111111111116,Percent of adults who achieve at least 150 minutes a week of moderate-intensity aerobic physical activity or 75 minutes a week of vigorous-intensity aerobic activity (or an equivalent combination)
Q043,2019,18 - 24,51.341509433962266,Percent of adults who achieve at least 150 minutes a week of moderate-intensity aerobic physical activity or 75 minutes a week of vigorous-intensity aerobic activity (or an equivalent combination)
Q043,2019,25 - 34,48.903773584905665,Percent of adults who achieve at least 150 minutes a week of moderate-intensity aerobic physical activity or 75 minutes a week of vigorous-intensity aerobic activity (or an equivalent combination)
Q043,2019,35 - 44,50.37547169811321,Percent of adults who achieve at least 150 minutes a week of moderate-intensity aerobic physical activity or 75 minutes a week of vigorous-intensity aerobic activity (or an equivalent combination)
Q043,2019,45 - 54,49.35849056603774,Percent of adults who achieve at least 150 minutes a week of moderate-intensity aerobic physical activity or 75 minutes a week of vigorous-intensity aerobic activity (or an equivalent combination)
Q043,2019,55 - 64,51.054716981132074,Percent of adults who achieve at least 150 minutes a week of moderate-intensity aerobic physical activity or 75 minutes a week of vigorous-intensity aerobic activity (or an equivalent combination)
Q043,2019,65 or older,54.11509433962264,Percent of adults who achieve at least 150 minutes a week of moderate-intensity aerobic physical activity or 75 minutes a week of vigorous-intensity aerobic activity (or an equivalent combination)
Q044,2011,18 - 24,30.315384615384616,Percent of adults who achieve at least 150 minutes a week of moderate-intensity aerobic physical activity or 75 minutes a week of vigorous-intensity aerobic physical activity and engage in muscle-strengthening activities on 2 or more days a week
Q044,2011,25 - 34,22.576923076923077,Percent of adults who achieve at least 150 minutes a week of moderate-intensity aerobic physical activity or 75 minutes a week of vigorous-intensity aerobic physical activity and engage in muscle-strengthening activities on 2 or more days a week
Q044,2011,35 - 44,19.996153846153845,Percent of adults who achieve at least 150 minutes a week of moderate-intensity aerobic physical activity or 75 minutes a week of vigorous-intensity aerobic physical activity and engage in muscle-strengthening activities on 2 or more days a week
Q044,2011,45 - 54,18.43846153846154,Percent of adults who achieve at least 150 minutes a week of moderate-intensity aerobic physical activity or 75 minutes a week of vigorous-intensity aerobic physical activity and engage in muscle-strengthening activities on 2 or more days a week
Q044,2011,55 - 64,16.617307692307694,Percent of adults who achieve at least 150 minutes a week of moderate-intensity aerobic physical activity or 75 minutes a week of vigorous-intensity aerobic physical activity and engage in muscle-strengthening activities on 2 or more days a week
Q044,2011,65 or older,15.590384615384616,Percent of adults who achieve at least 150 minutes a week of moderate-intensity aerobic physical activity or 75 minutes a week of vigorous-intensity aerobic physical activity and engage in muscle-strengthening activities on 2 or more days a week
Q044,2013,18 - 24,29.89423076923077,Percent of adults who achieve at least 150 minutes a week of moderate-intensity aerobic physical activity or 75 minutes a week of vigorous-intensity aerobic physical activity and engage in muscle-strengthening activities on 2 or more days a week
Q044,2013,25 - 34,22.98846153846154,Percent of adults who achieve at least 150 minutes a week of moderate-intensity aerobic physical activity or 75 minutes a week of vigorous-intensity aerobic physical activity and engage in muscle-strengthening activities on 2 or more days a week
Q044,2013,35 - 44,19.83653846153846,Percent of adults who achieve at least 150 minutes a week of moderate-intensity aerobic physical activity or 75 minutes a week of vigorous-intensity aerobic physical activity and engage in muscle-strengthening activities on 2 or more days a week
Q044,2013,45 - 54,18.48076923076923,Percent of adults who achieve at least 150 minutes a week of moderate-intensity aerobic physical activity or 75 minutes a week of vigorous-intensity aerobic physical activity and engage in muscle-strengthening activities on 2 or more days a week
Q044,2013,55 - 64,16.690384615384616,Percent of adults who achieve at least 150 minutes a week of moderate-intensity aerobic physical activity or 75 minutes a week of vigorous-intensity aerobic physical activity and engage in muscle-strengthening activities on 2 or more days a week
Q044,2013,65 or older,15.913461538461538,Percent of adults who achieve at least 150 minutes a week of moderate-intensity aerobic physical activity or 75 minutes a week of vigorous-intensity aerobic physical activity and engage in muscle-strengthening activities on 2 or more days a week
Q044,2015,18 - 24,29.762962962962963,Percent of adults who achieve at least 150 minutes a week of moderate-intensity aerobic physical activity or 75 minutes a week of vigorous-intensity aerobic physical activity and engage in muscle-strengthening activities on 2 or more days a week
Q044,2015,25 - 34,23.38703703703704,Percent of adults who achieve at least 150 minutes a week of moderate-intensity aerobic physical activity or 75 minutes a week of vigorous-intensity aerobic physical activity and engage in muscle-strengthening activities on 2 or more days a week
Q044,2015,35 - 44,20.0962962962963,Percent of adults who achieve at least 150 minutes a week of moderate-intensity aerobic physical activity or 75 minutes a week of vigorous-intensity aerobic physical activity and engage in muscle-strengthening activities on 2 or more days a week
Q044,2015,45 - 54,18.562962962962963,Percent of adults who achieve at least 150 minutes a week of moderate-intensity aerobic physical activity or 75 minutes a week of vigorous-intensity aerobic physical activity and engage in muscle-strengthening activities on 2 or more days a week
Q044,2015,55 - 64,16.803703703703704,Percent of adults who achieve at least 150 minutes a week of moderate-intensity aerobic physical activity or 75 minutes a week of vigorous-intensity aerobic physical activity and engage in muscle-strengthening activities on 2 or more days a week
Q044,2015,65 or older,16.385185185185183,Percent of adults who achieve at least 150 minutes a week of moderate-intensity aerobic physical activity or 75 minutes a week of vigorous-intensity aerobic physical activity and engage in muscle-strengthening activities on 2 or more days a week
Q044,2017,18 - 24,28.566666666666666,Percent of adults who achieve at least 150 minutes a week of moderate-intensity aerobic physical activity or 75 minutes a week of vigorous-intensity aerobic physical activity and engage in muscle-strengthening activities on 2 or more days a week
Q044,2017,25 - 34,22.3,Percent of adults who achieve at least 150 minutes a week of moderate-intensity aerobic physical activity or 75 minutes a week of vigorous-intensity aerobic physical activity and engage in muscle-strengthening activities on 2 or more days a week
Q044,2017,35 - 44,19.72222222222222,Percent of adults who achieve at least 150 minutes a week of moderate-intensity aerobic physical activity or 75 minutes a week of vigorous-intensity aerobic physical activity and engage in muscle-strengthening activities on 2 or more days a week
Q044,2017,45 - 54,18.109259259259257,Percent of adults who achieve at least 150 minutes a week of moderate-intensity aerobic physical activity or 75 minutes a week of vigorous-intensity aerobic physical activity and engage in muscle-strengthening activities on 2 or more days a week
Q044,2017,55 - 64,16.853703703703705,Percent of adults who achieve at least 150 minutes a week of moderate-intensity aerobic physical activity or 75 minutes a week of vigorous-intensity aerobic physical activity and engage in muscle-strengthening activities on 2 or more days a week
Q044,2017,65 or older,16.909259259259258,Percent of adults who achieve at least 150 minutes a week of moderate-intensity aerobic physical activity or 75 minutes a week of vigorous-intensity aerobic physical activity and engage in muscle-strengthening activities on 2 or more days a week
Q044,2019,18 - 24,26.637735849056604,Percent of adults who achieve at least 150 minutes a week of moderate-intensity aerobic physical activity or 75 minutes a week of vigorous-intensity aerobic physical activity and engage in muscle-strengthening activities on 2 or more days a week
Q044,2019,25 - 34,22.618867924528303,Percent of adults who achieve at least 150 minutes a week of moderate-intensity aerobic physical activity or 75 minutes a week of vigorous-intensity aerobic physical activity and engage in muscle-strengthening activities on 2 or more days a week
Q044,2019,35 - 44,22.047169811320753,Percent of adults who achieve at least 150 minutes a week of moderate-intensity aerobic physical activity or 75 minutes a week of vigorous-intensity aerobic physical activity and engage in muscle-strengthening activities on 2 or more days a week
Q044,2019,45 - 54,20.643396226415092,Percent of adults who achieve at least 150 minutes a week of moderate-intensity aerobic physical activity or 75 minutes a week of vigorous-intensity aerobic physical activity and engage in muscle-strengthening activities on 2 or more days a week
Q044,2019,55 - 64,20.750943396226415,Percent of adults who achieve at least 150 minutes a week of moderate-intensity aerobic physical activity or 75 minutes a week of vigorous-intensity aerobic physical activity and engage in muscle-strengthening activities on 2 or more days a week
Q044,2019,65 or older,22.532075471698114,Percent of adults who achieve at least 150 minutes a week of moderate-intensity aerobic physical activity or 75 minutes a week of vigorous-intensity aerobic physical activity and engage in muscle-strengthening activities on 2 or more days a week
Q045,2011,18 - 24,34.49423076923077,Percent of adults who achieve at least 300 minutes a week of moderate-intensity aerobic physical activity or 150 minutes a week of vigorous-intensity aerobic activity (or an equivalent combination)
Q045,2011,25 - 34,27.50769230769231,Percent of adults who achieve at least 300 minutes a week of moderate-intensity aerobic physical activity or 150 minutes a week of vigorous-intensity aerobic activity (or an equivalent combination)
Q045,2011,35 - 44,27.819230769230767,Percent of adults who achieve at least 300 minutes a week of moderate-intensity aerobic physical activity or 150 minutes a week of vigorous-intensity aerobic activity (or an equivalent combination)
Q045,2011,45 - 54,30.58076923076923,Percent of adults who achieve at least 300 minutes a week of moderate-intensity aerobic physical activity or 150 minutes a week of vigorous-intensity aerobic activity (or an equivalent combination)
Q045,2011,55 - 64,32.534615384615385,Percent of adults who achieve at least 300 minutes a week of moderate-intensity aerobic physical activity or 150 minutes a week of vigorous-intensity aerobic activity (or an equivalent combination)
Q045,2011,65 or older,37.401923076923076,Percent of adults who achieve at least 300 minutes a week of moderate-intensity aerobic physical activity or 150 minutes a week of vigorous-intensity aerobic activity (or an equivalent combination)
Q045,2013,18 - 24,32.42115384615385,Percent of adults who achieve at least 300 minutes a week of moderate-intensity aerobic physical activity or 150 minutes a week of vigorous-intensity aerobic activity (or an equivalent combination)
Q045,2013,25 - 34,28.361538461538462,Percent of adults who achieve at least 300 minutes a week of moderate-intensity aerobic physical activity or 150 minutes a week of vigorous-intensity aerobic activity (or an equivalent combination)
Q045,2013,35 - 44,28.59423076923077,Percent of adults who achieve at least 300 minutes a week of moderate-intensity aerobic physical activity or 150 minutes a week of vigorous-intensity aerobic activity (or an equivalent combination)
Q045,2013,45 - 54,30.055769230769233,Percent of adults who achieve at least 300 minutes a week of moderate-intensity aerobic physical activity or 150 minutes a week of vigorous-intensity aerobic activity (or an equivalent combination)
Q045,2013,55 - 64,32.28653846153846,Percent of adults who achieve at least 300 minutes a week of moderate-intensity aerobic physical activity or 150 minutes a week of vigorous-intensity aerobic activity (or an equivalent combination)
Q045,2013,65 or older,38.09615384615385,Percent of adults who achieve at least 300 minutes a week of moderate-intensity aerobic physical activity or 150 minutes a week of vigorous-intensity aerobic activity (or an equivalent combination)
Q045,2015,18 - 24,31.683333333333334,Percent of adults who achieve at least 300 minutes a week of moderate-intensity aerobic physical activity or 150 minutes a week of vigorous-intensity aerobic activity (or an equivalent combination)
Q045,2015,25 - 34,27.98148148148148,Percent of adults who achieve at least 300 minutes a week of moderate-intensity aerobic physical activity or 150 minutes a week of vigorous-intensity aerobic activity (or an equivalent combination)
Q045,2015,35 - 44,28.003703703703703,Percent of adults who achieve at least 300 minutes a week of moderate-intensity aerobic physical activity or 150 minutes a week of vigorous-intensity aerobic activity (or an equivalent combination)
Q045,2015,45 - 54,30.3,Percent of adults who achieve at least 300 minutes a week of moderate-intensity aerobic physical activity or 150 minutes a week of vigorous-intensity aerobic activity (or an equivalent combination)
Q045,2015,55 - 64,32.68333333333334,Percent of adults who achieve at least 300 minutes a week of moderate-intensity aerobic physical activity or 150 minutes a week of vigorous-intensity aerobic activity (or an equivalent combination)
Q045,2015,65 or older,39.01481481481482,Percent of adults who achieve at least 300 minutes a week of moderate-intensity aerobic physical activity or 150 minutes a week of vigorous-intensity aerobic activity (or an equivalent combination)
Q045,2017,18 - 24,30.6,Percent of adults who achieve at least 300 minutes a week of moderate-intensity aerobic physical activity or 150 minutes a week of vigorous-intensity aerobic activity (or an equivalent combination)
Q045,2017,25 - 34,26.91296296296296,Percent of adults who achieve at least 300 minutes a week of moderate-intensity aerobic physical activity or 150 minutes a week of vigorous-intensity aerobic activity (or an equivalent combination)
Q045,2017,35 - 44,27.159259259259258,Percent of adults who achieve at least 300 minutes a week of moderate-intensity aerobic physical activity or 150 minutes a week of vigorous-intensity aerobic activity (or an equivalent combination)
Q045,2017,45 - 54,28.894444444444442,Percent of adults who achieve at least 300 minutes a week of moderate-intensity aerobic physical activity or 150 minutes a week of vigorous-intensity aerobic activity (or an equivalent combination)
Q045,2017,55 - 64,32.0,Percent of adults who achieve at least 300 minutes a week of moderate-intensity aerobic physical activity or 150 minutes a week of vigorous-intensity aerobic activity (or an equivalent combination)
Q045,2017,65 or older,37.903703703703705,Percent of adults who achieve at least 300 minutes a week of moderate-intensity aerobic physical activity or 150 minutes a week of vigorous-intensity aerobic activity (or an equivalent combination)
Q045,2019,18 - 24,29.83207547169811,Percent of adults who achieve at least 300 minutes a week of moderate-intensity aerobic physical activity or 150 minutes a week of vigorous-intensity aerobic activity (or an equivalent combination)
Q045,2019,25 - 34,27.233962264150946,Percent of adults who achieve at least 300 minutes a week of moderate-intensity aerobic physical activity or 150 minutes a week of vigorous-intensity aerobic activity (or an equivalent combination)
Q045,2019,35 - 44,29.38867924528302,Percent of adults who achieve at least 300 minutes a week of moderate-intensity aerobic physical activity or 150 minutes a week of vigorous-intensity aerobic activity (or an equivalent combination)
Q045,2019,45 - 54,30.071698113207546,Percent of adults who achieve at least 300 minutes a week of moderate-intensity aerobic physical activity or 150 minutes a week of vigorous-intensity aerobic activity (or an equivalent combination)
Q045,2019,55 - 64,33.77169811320755,Percent of adults who achieve at least 300 minutes a week of moderate-intensity aerobic physical activity or 150 minutes a week of vigorous-intensity aerobic activity (or an equivalent combination)
Q045,2019,65 or older,39.99622641509434,Percent of adults who achieve at least 300 minutes a week of moderate-intensity aerobic physical activity or 150 minutes a week of vigorous-intensity aerobic activity (or an equivalent combination)
Q046,2011,18 - 24,43.75576923076923,Percent of adults who engage in muscle-strengthening activities on 2 or more days a week
Q046,2011,25 - 34,33.875,Percent of adults who engage in muscle-strengthening activities on 2 or more days a week
Q046,2011,35 - 44,29.021153846153844,Percent of adults who engage in muscle-strengthening activities on 2 or more days a week
Q046,2011,45 - 54,25.890384615384615,Percent of adults who engage in muscle-strengthening activities on 2 or more days a week
Q046,2011,55 - 64,23.57884615384615,Percent of adults who engage in muscle-strengthening activities on 2 or more days a week
Q046,2011,65 or older,21.417307692307695,Percent of adults who engage in muscle-strengthening activities on 2 or more days a week
Q046,2013,18 - 24,45.50961538461539,Percent of adults who engage in muscle-strengthening activities on 2 or more days a week
Q046,2013,25 - 34,35.31153846153846,Percent of adults who engage in muscle-strengthening activities on 2 or more days a week
Q046,2013,35 - 44,29.42115384615385,Percent of adults who engage in muscle-strengthening activities on 2 or more days a week
Q046,2013,45 - 54,25.86923076923077,Percent of adults who engage in muscle-strengthening activities on 2 or more days a week
Q046,2013,55 - 64,23.60576923076923,Percent of adults who engage in muscle-strengthening activities on 2 or more days a week
Q046,2013,65 or older,21.707692307692305,Percent of adults who engage in muscle-strengthening activities on 2 or more days a week
Q046,2015,18 - 24,45.5462962962963,Percent of adults who engage in muscle-strengthening activities on 2 or more days a week
Q046,2015,25 - 34,36.324074074074076,Percent of adults who engage in muscle-strengthening activities on 2 or more days a week
Q046,2015,35 - 44,30.225925925925928,Percent of adults who engage in muscle-strengthening activities on 2 or more days a week
Q046,2015,45 - 54,26.35,Percent of adults who engage in muscle-strengthening activities on 2 or more days a week
Q046,2015,55 - 64,23.54259259259259,Percent of adults who engage in muscle-strengthening activities on 2 or more days a week
Q046,2015,65 or older,22.47037037037037,Percent of adults who engage in muscle-strengthening activities on 2 or more days a week
Q046,2017,18 - 24,44.916666666666664,Percent of adults who engage in muscle-strengthening activities on 2 or more days a week
Q046,2017,25 - 34,35.82037037037037,Percent of adults who engage in muscle-strengthening activities on 2 or more days a week
Q046,2017,35 - 44,30.383333333333333,Percent of adults who engage in muscle-strengthening activities on 2 or more days a week
Q046,2017,45 - 54,26.27777777777778,Percent of adults who engage in muscle-strengthening activities on 2 or more days a week
Q046,2017,55 - 64,23.822222222222223,Percent of adults who engage in muscle-strengthening activities on 2 or more days a week
Q046,2017,65 or older,22.944444444444443,Percent of adults who engage in muscle-strengthening activities on 2 or more days a week
Q046,2019,18 - 24,44.17547169811321,Percent of adults who engage in muscle-strengthening activities on 2 or more days a week
Q046,2019,25 - 34,37.94150943396227,Percent of adults who engage in muscle-strengthening activities on 2 or more days a week
Q046,2019,35 - 44,34.473584905660374,Percent of adults who engage in muscle-strengthening activities on 2 or more days a week
Q046,2019,45 - 54,31.433962264150942,Percent of adults who engage in muscle-strengthening activities on 2 or more days a week
Q046,2019,55 - 64,30.71698113207547,Percent of adults who engage in muscle-strengthening activities on 2 or more days a week
Q046,2019,65 or older,31.977358490566036,Percent of adults who engage in muscle-strengthening activities on 2 or more days a week
Q047,2011,18 - 24,16.921153846153846,Percent of adults who engage in no leisure-time physical activity
Q047,2011,25 - 34,22.048076923076923,Percent of adults who engage in no leisure-time physical activity
Q047,2011,35 - 44,24.16923076923077,Percent of adults who engage in no leisure-time physical activity
Q047,2011,45 - 54,26.625,Percent of adults who engage in no leisure-time physical activity
Q047,2011,55 - 64,28.721153846153847,Percent of adults who engage in no leisure-time physical activity
Q047,2011,65 or older,33.56346153846154,Percent of adults who engage in no leisure-time physical activity
Q047,2012,18 - 24,13.932692307692308,Percent of adults who engage in no leisure-time physical activity
Q047,2012,25 - 34,17.93076923076923,Percent of adults who engage in no leisure-time physical activity
Q047,2012,35 - 44,20.58076923076923,Percent of adults who engage in no leisure-time physical activity
Q047,2012,45 - 54,23.715384615384615,Percent of adults who engage in no leisure-time physical activity
Q047,2012,55 - 64,26.4,Percent of adults who engage in no leisure-time physical activity
Q047,2012,65 or older,32.10192307692308,Percent of adults who engage in no leisure-time physical activity
Q047,2013,18 - 24,17.925,Percent of adults who engage in no leisure-time physical activity
Q047,2013,25 - 34,21.615384615384617,Percent of adults who engage in no leisure-time physical activity
Q047,2013,35 - 44,24.888461538461538,Percent of adults who engage in no leisure-time physical activity
Q047,2013,45 - 54,27.496153846153845,Percent of adults who engage in no leisure-time physical activity
Q047,2013,55 - 64,28.667307692307695,Percent of adults who engage in no leisure-time physical activity
Q047,2013,65 or older,32.78076923076923,Percent of adults who engage in no leisure-time physical activity
Q047,2014,18 - 24,15.52962962962963,Percent of adults who engage in no leisure-time physical activity
Q047,2014,25 - 34,18.33703703703704,Percent of adults who engage in no leisure-time physical activity
Q047,2014,35 - 44,21.02592592592593,Percent of adults who engage in no leisure-time physical activity
Q047,2014,45 - 54,24.374074074074073,Percent of adults who engage in no leisure-time physical activity
Q047,2014,55 - 64,26.71851851851852,Percent of adults who engage in no leisure-time physical activity
Q047,2014,65 or older,31.598148148148148,Percent of adults who engage in no leisure-time physical activity
Q047,2015,18 - 24,17.70740740740741,Percent of adults who engage in no leisure-time physical activity
Q047,2015,25 - 34,21.77777777777778,Percent of adults who engage in no leisure-time physical activity
Q047,2015,35 - 44,25.34259259259259,Percent of adults who engage in no leisure-time physical activity
Q047,2015,45 - 54,27.94814814814815,Percent of adults who engage in no leisure-time physical activity
Q047,2015,55 - 64,29.075925925925926,Percent of adults who engage in no leisure-time physical activity
Q047,2015,65 or older,32.550000000000004,Percent of adults who engage in no leisure-time physical activity
Q047,2016,18 - 24,15.412727272727274,Percent of adults who engage in no leisure-time physical activity
Q047,2016,25 - 34,18.574545454545454,Percent of adults who engage in no leisure-time physical activity
Q047,2016,35 - 44,21.656363636363636,Percent of adults who engage in no leisure-time physical activity
Q047,2016,45 - 54,24.896363636363635,Percent of adults who engage in no leisure-time physical activity
Q047,2016,55 - 64,27.734545454545458,Percent of adults who engage in no leisure-time physical activity
Q047,2016,65 or older,31.73818181818182,Percent of adults who engage in no leisure-time physical activity
Q047,2017,18 - 24,19.003703703703703,Percent of adults who engage in no leisure-time physical activity
Q047,2017,25 - 34,22.87222222222222,Percent of adults who engage in no leisure-time physical activity
Q047,2017,35 - 44,25.76111111111111,Percent of adults who engage in no leisure-time physical activity
Q047,2017,45 - 54,28.575925925925926,Percent of adults who engage in no leisure-time physical activity
Q047,2017,55 - 64,30.1462962962963,Percent of adults who engage in no leisure-time physical activity
Q047,2017,65 or older,33.08888888888889,Percent of adults who engage in no leisure-time physical activity
Q047,2018,18 - 24,16.585185185185185,Percent of adults who engage in no leisure-time physical activity
Q047,2018,25 - 34,18.962962962962962,Percent of adults who engage in no leisure-time physical activity
Q047,2018,35 - 44,21.840740740740742,Percent of adults who engage in no leisure-time physical activity
Q047,2018,45 - 54,25.057407407407407,Percent of adults who engage in no leisure-time physical activity
Q047,2018,55 - 64,28.16111111111111,Percent of adults who engage in no leisure-time physical activity
Q047,2018,65 or older,32.446296296296296,Percent of adults who engage in no leisure-time physical activity
Q047,2019,18 - 24,20.630188679245286,Percent of adults who engage in no leisure-time physical activity
Q047,2019,25 - 34,22.941509433962267,Percent of adults who engage in no leisure-time physical activity
Q047,2019,35 - 44,24.418867924528303,Percent of adults who engage in no leisure-time physical activity
Q047,2019,45 - 54,27.454716981132073,Percent of adults who engage in no leisure-time physical activity
Q047,2019,55 - 64,29.383018867924527,Percent of adults who engage in no leisure-time physical activity
Q047,2019,65 or older,31.966037735849056,Percent of adults who engage in no leisure-time physical activity
Q047,2020,18 - 24,16.575925925925926,Percent of adults who engage in no leisure-time physical activity
Q047,2020,25 - 34,18.54074074074074,Percent of adults who engage in no leisure-time physical activity
Q047,2020,35 - 44,20.725925925925928,Percent of adults who engage in no leisure-time physical activity
Q047,2020,45 - 54,23.76851851851852,Percent of adults who engage in no leisure-time physical activity
Q047,2020,55 - 64,26.401851851851852,Percent of adults who engage in no leisure-time physical activity
Q047,2020,65 or older,31.02592592592593,Percent of adults who engage in no leisure-time physical activity
Q047,2021,18 - 24,17.253703703703703,Percent of adults who engage in no leisure-time physical activity
Q047,2021,25 - 34,20.005555555555556,Percent of adults who engage in no leisure-time physical activity
Q047,2021,35 - 44,20.664814814814818,Percent of adults who engage in no leisure-time physical activity
Q047,2021,45 - 54,23.8462962962963,Percent of adults who engage in no leisure-time physical activity
Q047,2021,55 - 64,27.49259259259259,Percent of adults who engage in no leisure-time physical activity
Q047,2021,65 or older,31.590740740740742,Percent of adults who engage in no leisure-time physical activity
